/*
 Navicat Premium Data Transfer

 Source Server         : localhost
 Source Server Type    : MySQL
 Source Server Version : 50737
 Source Host           : localhost:3306
 Source Schema         : platform

 Target Server Type    : MySQL
 Target Server Version : 50737
 File Encoding         : 65001

 Date: 06/06/2022 09:08:59
*/

SET NAMES utf8mb4;
SET FOREIGN_KEY_CHECKS = 0;

-- ----------------------------
-- Table structure for ums_admin
-- ----------------------------
DROP TABLE IF EXISTS `ums_admin`;
CREATE TABLE `ums_admin`  (
  `id` bigint(20) NOT NULL,
  `username` varchar(64) CHARACTER SET utf8 COLLATE utf8_general_ci NULL DEFAULT NULL,
  `password` varchar(64) CHARACTER SET utf8 COLLATE utf8_general_ci NULL DEFAULT NULL,
  `icon` varchar(500) CHARACTER SET utf8 COLLATE utf8_general_ci NULL DEFAULT NULL COMMENT '头像',
  `email` varchar(100) CHARACTER SET utf8 COLLATE utf8_general_ci NULL DEFAULT NULL COMMENT '邮箱',
  `nick_name` varchar(200) CHARACTER SET utf8 COLLATE utf8_general_ci NULL DEFAULT NULL COMMENT '昵称',
  `note` varchar(500) CHARACTER SET utf8 COLLATE utf8_general_ci NULL DEFAULT NULL COMMENT '备注信息',
  `create_time` datetime NULL DEFAULT NULL COMMENT '创建时间',
  `login_time` datetime NULL DEFAULT NULL COMMENT '最后登录时间',
  `status` int(1) NULL DEFAULT 1 COMMENT '帐号启用状态：0->禁用；1->启用',
  PRIMARY KEY (`id`) USING BTREE
) ENGINE = InnoDB CHARACTER SET = utf8 COLLATE = utf8_general_ci COMMENT = '后台用户表' ROW_FORMAT = Dynamic;

-- ----------------------------
-- Records of ums_admin
-- ----------------------------
INSERT INTO `ums_admin` VALUES (1, 'test', '$2a$10$NZ5o7r2E.ayT2ZoxgjlI.eJ6OEYqjH7INR/F.mXDbjZJi9HF0YCVG', 'http://macro-oss.oss-cn-shenzhen.aliyuncs.com/mall/images/20180607/timg.jpg', 'test@qq.com', '测试账号', NULL, '2018-09-29 13:55:30', '2018-09-29 13:55:39', 1);
INSERT INTO `ums_admin` VALUES (3, 'admin', '$2a$10$.E1FokumK5GIXWgKlg.Hc.i/0/2.qdAwYFL1zc5QHdyzpXOr38RZO', 'http://macro-oss.oss-cn-shenzhen.aliyuncs.com/mall/images/20180607/timg.jpg', 'admin@163.com', '系统管理员', '系统管理员', '2018-10-08 13:32:47', '2019-04-20 12:45:16', 1);
INSERT INTO `ums_admin` VALUES (4, 'macro', '$2a$10$Bx4jZPR7GhEpIQfefDQtVeS58GfT5n6mxs/b4nLLK65eMFa16topa', 'string', 'macro@qq.com', 'macro', 'macro专用', '2019-10-06 15:53:51', '2020-02-03 14:55:55', 1);
INSERT INTO `ums_admin` VALUES (6, 'productAdmin', '$2a$10$6/.J.p.6Bhn7ic4GfoB5D.pGd7xSiD1a9M6ht6yO0fxzlKJPjRAGm', NULL, 'product@qq.com', '商品管理员', '只有商品权限', '2020-02-07 16:15:08', NULL, 1);
INSERT INTO `ums_admin` VALUES (9, 'qqq', 'qqqq', NULL, NULL, NULL, NULL, NULL, NULL, 1);

-- ----------------------------
-- Table structure for ums_admin_role_relation
-- ----------------------------
DROP TABLE IF EXISTS `ums_admin_role_relation`;
CREATE TABLE `ums_admin_role_relation`  (
  `id` bigint(20) NOT NULL AUTO_INCREMENT,
  `admin_id` bigint(20) NULL DEFAULT NULL,
  `role_id` bigint(20) NULL DEFAULT NULL,
  PRIMARY KEY (`id`) USING BTREE
) ENGINE = InnoDB AUTO_INCREMENT = 31 CHARACTER SET = utf8 COLLATE = utf8_general_ci COMMENT = '后台用户和角色关系表' ROW_FORMAT = Dynamic;

-- ----------------------------
-- Records of ums_admin_role_relation
-- ----------------------------
INSERT INTO `ums_admin_role_relation` VALUES (26, 3, 5);
INSERT INTO `ums_admin_role_relation` VALUES (27, 6, 1);
INSERT INTO `ums_admin_role_relation` VALUES (28, 7, 2);
INSERT INTO `ums_admin_role_relation` VALUES (29, 1, 5);
INSERT INTO `ums_admin_role_relation` VALUES (30, 4, 5);

-- ----------------------------
-- Table structure for ums_resource
-- ----------------------------
DROP TABLE IF EXISTS `ums_resource`;
CREATE TABLE `ums_resource`  (
  `id` bigint(20) NOT NULL AUTO_INCREMENT,
  `create_time` datetime NULL DEFAULT NULL COMMENT '创建时间',
  `name` varchar(200) CHARACTER SET utf8 COLLATE utf8_general_ci NULL DEFAULT NULL COMMENT '资源名称',
  `url` varchar(200) CHARACTER SET utf8 COLLATE utf8_general_ci NULL DEFAULT NULL COMMENT '资源URL',
  `description` varchar(500) CHARACTER SET utf8 COLLATE utf8_general_ci NULL DEFAULT NULL COMMENT '描述',
  `category_id` bigint(20) NULL DEFAULT NULL COMMENT '资源分类ID',
  PRIMARY KEY (`id`) USING BTREE
) ENGINE = InnoDB AUTO_INCREMENT = 31 CHARACTER SET = utf8 COLLATE = utf8_general_ci COMMENT = '后台资源表' ROW_FORMAT = Dynamic;

-- ----------------------------
-- Records of ums_resource
-- ----------------------------
INSERT INTO `ums_resource` VALUES (1, '2020-02-04 17:04:55', '商品品牌管理', '/brand/**', NULL, 1);
INSERT INTO `ums_resource` VALUES (2, '2020-02-04 17:05:35', '商品属性分类管理', '/productAttribute/**', NULL, 1);
INSERT INTO `ums_resource` VALUES (3, '2020-02-04 17:06:13', '商品属性管理', '/productAttribute/**', NULL, 1);
INSERT INTO `ums_resource` VALUES (4, '2020-02-04 17:07:15', '商品分类管理', '/productCategory/**', NULL, 1);
INSERT INTO `ums_resource` VALUES (5, '2020-02-04 17:09:16', '商品管理', '/product/**', NULL, 1);
INSERT INTO `ums_resource` VALUES (6, '2020-02-04 17:09:53', '商品库存管理', '/sku/**', NULL, 1);
INSERT INTO `ums_resource` VALUES (8, '2020-02-05 14:43:37', '订单管理', '/order/**', '', 2);
INSERT INTO `ums_resource` VALUES (9, '2020-02-05 14:44:22', ' 订单退货申请管理', '/returnApply/**', '', 2);
INSERT INTO `ums_resource` VALUES (10, '2020-02-05 14:45:08', '退货原因管理', '/returnReason/**', '', 2);
INSERT INTO `ums_resource` VALUES (11, '2020-02-05 14:45:43', '订单设置管理', '/orderSetting/**', '', 2);
INSERT INTO `ums_resource` VALUES (12, '2020-02-05 14:46:23', '收货地址管理', '/companyAddress/**', '', 2);
INSERT INTO `ums_resource` VALUES (13, '2020-02-07 16:37:22', '优惠券管理', '/coupon/**', '', 3);
INSERT INTO `ums_resource` VALUES (14, '2020-02-07 16:37:59', '优惠券领取记录管理', '/couponHistory/**', '', 3);
INSERT INTO `ums_resource` VALUES (15, '2020-02-07 16:38:28', '限时购活动管理', '/flash/**', '', 3);
INSERT INTO `ums_resource` VALUES (16, '2020-02-07 16:38:59', '限时购商品关系管理', '/flashProductRelation/**', '', 3);
INSERT INTO `ums_resource` VALUES (17, '2020-02-07 16:39:22', '限时购场次管理', '/flashSession/**', '', 3);
INSERT INTO `ums_resource` VALUES (18, '2020-02-07 16:40:07', '首页轮播广告管理', '/home/advertise/**', '', 3);
INSERT INTO `ums_resource` VALUES (19, '2020-02-07 16:40:34', '首页品牌管理', '/home/brand/**', '', 3);
INSERT INTO `ums_resource` VALUES (20, '2020-02-07 16:41:06', '首页新品管理', '/home/newProduct/**', '', 3);
INSERT INTO `ums_resource` VALUES (21, '2020-02-07 16:42:16', '首页人气推荐管理', '/home/recommendProduct/**', '', 3);
INSERT INTO `ums_resource` VALUES (22, '2020-02-07 16:42:48', '首页专题推荐管理', '/home/recommendSubject/**', '', 3);
INSERT INTO `ums_resource` VALUES (23, '2020-02-07 16:44:56', ' 商品优选管理', '/prefrenceArea/**', '', 5);
INSERT INTO `ums_resource` VALUES (24, '2020-02-07 16:45:39', '商品专题管理', '/subject/**', '', 5);
INSERT INTO `ums_resource` VALUES (25, '2020-02-07 16:47:34', '后台用户管理', '/admin/**', '', 4);
INSERT INTO `ums_resource` VALUES (26, '2020-02-07 16:48:24', '后台用户角色管理', '/role/**', '', 4);
INSERT INTO `ums_resource` VALUES (27, '2020-02-07 16:48:48', '后台菜单管理', '/menu/**', '', 4);
INSERT INTO `ums_resource` VALUES (28, '2020-02-07 16:49:18', '后台资源分类管理', '/resourceCategory/**', '', 4);
INSERT INTO `ums_resource` VALUES (29, '2020-02-07 16:49:45', '后台资源管理', '/resource/**', '', 4);

-- ----------------------------
-- Table structure for ums_role
-- ----------------------------
DROP TABLE IF EXISTS `ums_role`;
CREATE TABLE `ums_role`  (
  `id` bigint(20) NOT NULL AUTO_INCREMENT,
  `name` varchar(100) CHARACTER SET utf8 COLLATE utf8_general_ci NULL DEFAULT NULL COMMENT '名称',
  `description` varchar(500) CHARACTER SET utf8 COLLATE utf8_general_ci NULL DEFAULT NULL COMMENT '描述',
  `admin_count` int(11) NULL DEFAULT NULL COMMENT '后台用户数量',
  `create_time` datetime NULL DEFAULT NULL COMMENT '创建时间',
  `status` int(1) NULL DEFAULT 1 COMMENT '启用状态：0->禁用；1->启用',
  `sort` int(11) NULL DEFAULT 0,
  PRIMARY KEY (`id`) USING BTREE
) ENGINE = InnoDB AUTO_INCREMENT = 8 CHARACTER SET = utf8 COLLATE = utf8_general_ci COMMENT = '后台用户角色表' ROW_FORMAT = Dynamic;

-- ----------------------------
-- Records of ums_role
-- ----------------------------
INSERT INTO `ums_role` VALUES (1, '商品管理员', '只能查看及操作商品', 0, '2020-02-03 16:50:37', 1, 0);
INSERT INTO `ums_role` VALUES (2, '订单管理员', '只能查看及操作订单', 0, '2018-09-30 15:53:45', 1, 0);
INSERT INTO `ums_role` VALUES (5, '超级管理员', '拥有所有查看和操作功能', 0, '2020-02-02 15:11:05', 1, 0);

-- ----------------------------
-- Table structure for ums_role_resource_relation
-- ----------------------------
DROP TABLE IF EXISTS `ums_role_resource_relation`;
CREATE TABLE `ums_role_resource_relation`  (
  `id` bigint(20) NOT NULL AUTO_INCREMENT,
  `role_id` bigint(20) NULL DEFAULT NULL COMMENT '角色ID',
  `resource_id` bigint(20) NULL DEFAULT NULL COMMENT '资源ID',
  PRIMARY KEY (`id`) USING BTREE
) ENGINE = InnoDB AUTO_INCREMENT = 178 CHARACTER SET = utf8 COLLATE = utf8_general_ci COMMENT = '后台角色资源关系表' ROW_FORMAT = Dynamic;

-- ----------------------------
-- Records of ums_role_resource_relation
-- ----------------------------
INSERT INTO `ums_role_resource_relation` VALUES (103, 2, 8);
INSERT INTO `ums_role_resource_relation` VALUES (104, 2, 9);
INSERT INTO `ums_role_resource_relation` VALUES (105, 2, 10);
INSERT INTO `ums_role_resource_relation` VALUES (106, 2, 11);
INSERT INTO `ums_role_resource_relation` VALUES (107, 2, 12);
INSERT INTO `ums_role_resource_relation` VALUES (142, 5, 1);
INSERT INTO `ums_role_resource_relation` VALUES (143, 5, 2);
INSERT INTO `ums_role_resource_relation` VALUES (144, 5, 3);
INSERT INTO `ums_role_resource_relation` VALUES (145, 5, 4);
INSERT INTO `ums_role_resource_relation` VALUES (146, 5, 5);
INSERT INTO `ums_role_resource_relation` VALUES (147, 5, 6);
INSERT INTO `ums_role_resource_relation` VALUES (148, 5, 8);
INSERT INTO `ums_role_resource_relation` VALUES (149, 5, 9);
INSERT INTO `ums_role_resource_relation` VALUES (150, 5, 10);
INSERT INTO `ums_role_resource_relation` VALUES (151, 5, 11);
INSERT INTO `ums_role_resource_relation` VALUES (152, 5, 12);
INSERT INTO `ums_role_resource_relation` VALUES (153, 5, 13);
INSERT INTO `ums_role_resource_relation` VALUES (154, 5, 14);
INSERT INTO `ums_role_resource_relation` VALUES (155, 5, 15);
INSERT INTO `ums_role_resource_relation` VALUES (156, 5, 16);
INSERT INTO `ums_role_resource_relation` VALUES (157, 5, 17);
INSERT INTO `ums_role_resource_relation` VALUES (158, 5, 18);
INSERT INTO `ums_role_resource_relation` VALUES (159, 5, 19);
INSERT INTO `ums_role_resource_relation` VALUES (160, 5, 20);
INSERT INTO `ums_role_resource_relation` VALUES (161, 5, 21);
INSERT INTO `ums_role_resource_relation` VALUES (162, 5, 22);
INSERT INTO `ums_role_resource_relation` VALUES (163, 5, 23);
INSERT INTO `ums_role_resource_relation` VALUES (164, 5, 24);
INSERT INTO `ums_role_resource_relation` VALUES (165, 5, 25);
INSERT INTO `ums_role_resource_relation` VALUES (166, 5, 26);
INSERT INTO `ums_role_resource_relation` VALUES (167, 5, 27);
INSERT INTO `ums_role_resource_relation` VALUES (168, 5, 28);
INSERT INTO `ums_role_resource_relation` VALUES (169, 5, 29);
INSERT INTO `ums_role_resource_relation` VALUES (170, 1, 1);
INSERT INTO `ums_role_resource_relation` VALUES (171, 1, 2);
INSERT INTO `ums_role_resource_relation` VALUES (172, 1, 3);
INSERT INTO `ums_role_resource_relation` VALUES (173, 1, 4);
INSERT INTO `ums_role_resource_relation` VALUES (174, 1, 5);
INSERT INTO `ums_role_resource_relation` VALUES (175, 1, 6);
INSERT INTO `ums_role_resource_relation` VALUES (176, 1, 23);
INSERT INTO `ums_role_resource_relation` VALUES (177, 1, 24);

SET FOREIGN_KEY_CHECKS = 1;
